date,account,leek,talent,fights,wins,losses,draws
2026-09-24,main,AdaLovelace,2009,0,0,0,0
2026-09-24,main,EdsgerDijkstra,2049,0,0,0,0
2026-09-24,main,KurtGodel,1999,0,0,0,0
2026-09-24,main,MargaretHamilton,1961,0,0,0,0
2026-09-24,cure,LeekRain,947,0,0,0,0
2026-09-24,cure,DawnFall,922,0,0,0,0
2026-09-24,cure,DuskHope,868,0,0,0,0
2026-09-24,cure,ProdigalSon,1037,0,0,0,0
2026-09-25,main,AdaLovelace,2056,25,14,11,0
2026-09-25,main,EdsgerDijkstra,1975,25,10,15,0
2026-09-25,main,KurtGodel,2013,25,13,12,0
2026-09-25,main,MargaretHamilton,2005,25,14,11,0
2026-09-25,cure,LeekRain,971,30,16,14,0
2026-09-25,cure,DawnFall,940,30,16,14,0
2026-09-25,cure,DuskHope,1136,30,24,6,0
2026-09-25,cure,ProdigalSon,1059,29,14,13,2
2026-09-26,main,AdaLovelace,2101,25,14,11,0
2026-09-26,main,EdsgerDijkstra,2051,25,15,10,0
2026-09-26,main,KurtGodel,2074,25,14,10,1
2026-09-26,main,MargaretHamilton,2021,25,13,12,0
2026-09-26,cure,LeekRain,905,25,11,14,0
2026-09-26,cure,DawnFall,950,25,12,12,1
2026-09-26,cure,DuskHope,1029,25,10,14,1
2026-09-26,cure,ProdigalSon,1045,25,12,12,1
2026-09-27,main,AdaLovelace,2070,25,11,13,1
2026-09-27,main,EdsgerDijkstra,2132,25,15,10,0
2026-09-27,main,KurtGodel,2030,25,11,14,0
2026-09-27,main,MargaretHamilton,1973,24,11,13,0
2026-09-27,cure,LeekRain,939,25,14,11,0
2026-09-27,cure,DawnFall,965,25,13,12,0
2026-09-27,cure,DuskHope,1028,25,13,11,1
2026-09-27,cure,ProdigalSon,1085,25,14,11,0
